A,B,C,b_limite,Volumen,Area,Energia
1.1,0.3,6.0,6.098,80.04341,110.1569,39.98701475399332
1.3,0.3,6.1,6.236,83.58968,113.7629,39.927526658032605
1.4,0.3,6.1,6.258,83.2659,113.699,39.89119202686852
1.5,0.3,6.1,6.28,82.91566,113.6179,39.85235475201627
1.5,0.3,6.2,6.378,87.15221,117.3984,39.8619745968894
1.6,0.3,6.1,6.306,82.53892,113.5446,39.81107020456908
1.6,0.3,6.2,6.402,86.77007,117.3158,39.82195803191846
1.6,0.3,6.3,6.498,91.14133,121.1471,39.83234646847364
1.7,0.3,6.1,6.332,82.13503,113.4535,39.767370685712976
1.7,0.3,6.2,6.428,86.36012,117.228,39.77958999215366
1.7,0.3,6.3,6.524,90.72559,121.0628,39.791251154314864
1.8,0.3,6.1,6.36,81.70349,113.3562,39.721308534070026
1.8,0.3,6.2,6.456,85.92245,117.1346,39.73492187174445
1.8,0.3,6.3,6.552,90.28178,120.9732,39.74791198496698
1.8,0.3,6.4,6.648,94.78342,124.8722,39.76032795326897
1.9,0.3,6.1,6.388,81.2437,113.2403,39.672934723184014
1.9,0.3,6.2,6.484,85.45621,117.0225,39.68800144048617
1.9,0.3,6.3,6.58,89.80917,120.8648,39.702386294584294
1.9,0.3,6.4,6.676,94.30432,124.7675,39.71612929487605
2.0,0.3,6.1,6.418,80.75526,113.1174,39.62229827351985
2.0,0.3,6.2,6.514,84.96107,116.9037,39.63887916056955
2.0,0.3,6.3,6.608,89.30708,120.7376,39.654702957967785
2.0,0.3,6.4,6.704,93.79545,124.6442,39.66983581941769
2.0,0.3,6.5,6.8,98.42863,128.6109,39.684300314937346
2.1,0.3,6.1,6.45,80.23735,112.9864,39.569470260024595
2.1,0.3,6.2,6.544,84.43618,116.7653,39.5876081394783
2.1,0.3,6.3,6.64,88.77522,120.6159,39.60493384326793
2.1,0.3,6.4,6.734,93.25642,124.5143,39.62149434955364
2.1,0.3,6.5,6.83,97.8827,128.4853,39.63732884302436
2.2,0.3,6.2,6.578,83.88111,116.6306,39.5342440806335
2.2,0.3,6.3,6.672,88.2127,120.4741,39.553113392954934
2.2,0.3,6.4,6.766,92.68665,124.3772,39.57115402156856
2.2,0.3,6.5,6.862,97.30551,128.3526,39.588412923092164
2.2,0.3,6.6,6.956,102.0711,132.3755,39.604933843271496
2.3,0.3,6.2,6.612,83.29501,116.4749,39.478845235392775
2.3,0.3,6.3,6.706,87.61912,120.3236,39.499302254875104
2.3,0.3,6.4,6.8,92.08554,124.2319,39.51886624331422
2.3,0.3,6.5,6.894,96.69666,128.1998,39.53758738634445
2.3,0.3,6.6,6.988,101.4544,132.2274,39.55550800036805
2.4,0.3,6.2,6.648,82.67762,116.3095,39.421472359198226
2.4,0.3,6.3,6.74,86.99376,120.1517,39.443557489123585
2.4,0.3,6.4,6.834,91.45229,124.0654,39.46468465401082
2.4,0.3,6.5,6.928,96.05517,128.0385,39.48490263470494
2.4,0.3,6.6,7.022,100.8052,132.0712,39.5042749526623
2.4,0.3,6.7,7.116,105.7044,136.1638,39.52282996073303
2.5,0.3,6.2,6.684,82.02776,116.1215,39.36218867584298
2.5,0.3,6.3,6.776,86.33602,119.9697,39.38593371767994
2.5,0.3,6.4,6.87,90.78639,123.8893,39.40866086513866
2.5,0.3,6.5,6.964,95.38116,127.8681,39.430424938665965
2.5,0.3,6.6,7.056,100.123,131.8938,39.451270760035655
2.5,0.3,6.7,7.15,105.0139,135.9919,39.471251840749325
2.5,0.3,6.8,7.244,110.0562,140.149,39.4904142848711
2.6,0.3,6.2,6.722,81.34532,115.9219,39.30105497549377
2.6,0.3,6.3,6.814,85.64505,119.7767,39.32650213054023
2.6,0.3,6.4,6.906,90.08699,123.6904,39.35086554921642
2.6,0.3,6.5,7.0,94.67345,127.6751,39.374190537160864
2.6,0.3,6.6,7.092,99.40669,131.7069,39.39655132142191
2.6,0.3,6.7,7.186,104.2893,135.8105,39.417981562207174
2.6,0.3,6.8,7.28,109.3228,139.9735,39.43854796618976
2.7,0.3,6.2,6.762,80.62912,115.7095,39.2381540022149
2.7,0.3,6.3,6.854,84.92023,119.5713,39.26532196274949
2.7,0.3,6.4,6.946,89.35349,123.4919,39.29134618922461
2.7,0.3,6.5,7.038,93.93147,127.4713,39.316274489672246
2.7,0.3,6.6,7.13,98.65595,131.5096,39.340165854531634
2.7,0.3,6.7,7.222,103.5295,135.6069,39.36308274797171
2.7,0.3,6.8,7.316,108.5544,139.7757,39.38507746631828
2.7,0.3,6.9,7.408,113.7329,143.991,39.4061826851781
2.8,0.3,6.3,6.894,84.16077,119.341,39.202459482806056
2.8,0.3,6.4,6.984,88.5853,123.2573,39.230168834205074
2.8,0.3,6.5,7.076,93.15419,127.2436,39.25671495382457
2.8,0.3,6.6,7.168,97.86982,131.2888,39.2821819433148
2.8,0.3,6.7,7.26,102.7345,135.3925,39.306601796599146
2.8,0.3,6.8,7.352,107.7503,139.5551,39.33004793603926
2.8,0.3,6.9,7.446,112.92,143.7896,39.35255815278817
2.9,0.3,6.3,6.934,83.36613,119.0852,39.137983284001834
2.9,0.3,6.4,7.026,87.78139,123.0208,39.16739460118972
2.9,0.3,6.5,7.116,92.34127,127.0031,39.19559281014108
2.9,0.3,6.6,7.208,97.04778,131.0554,39.222644373812514
2.9,0.3,6.7,7.3,101.9031,135.1665,39.24859628640012
2.9,0.3,6.8,7.392,106.9098,139.336,39.27352220516238
2.9,0.3,6.9,7.484,112.07,143.5644,39.297460992335516
2.9,0.3,7.0,7.576,117.3859,147.8517,39.32046102035957
3.0,0.3,6.3,6.976,82.53506,118.8141,39.071969243288
3.0,0.3,6.4,7.068,86.94126,122.7577,39.10310308747931
3.0,0.3,6.5,7.158,91.49155,126.7483,39.13296362753748
3.0,0.3,6.6,7.248,96.18862,130.7966,39.16161631884619
3.0,0.3,6.7,7.34,101.0348,134.9152,39.18912273333399
3.0,0.3,6.8,7.432,106.0319,139.0922,39.21554080166401
3.0,0.3,6.9,7.522,111.1826,143.3154,39.24092504256266
3.0,0.3,7.0,7.614,116.489,147.6094,39.26532677929625
3.0,0.3,7.1,7.706,121.9533,151.9622,39.2887900784374
3.1,0.3,6.3,7.02,81.6674,118.5261,39.00447613260313
3.1,0.3,6.4,7.11,86.06384,122.4676,39.0373488928861
3.1,0.3,6.5,7.2,90.60487,126.4667,39.06888142325846
3.1,0.3,6.6,7.29,95.29231,130.5236,39.09915831982473
3.1,0.3,6.7,7.382,100.1287,134.65,39.128230773445814
3.1,0.3,6.8,7.472,105.1162,138.8229,39.156157450528966
3.1,0.3,6.9,7.564,110.2569,143.0659,39.18300875208338
3.1,0.3,7.0,7.654,115.5536,147.3552,39.2088243388867
3.1,0.3,7.1,7.746,121.0082,151.7151,39.23365885523843
3.2,0.3,6.3,7.066,80.76196,118.2193,38.935599694808964
3.2,0.3,6.4,7.154,85.14868,122.1601,38.97020530249468
3.2,0.3,6.5,7.244,89.67993,126.1685,39.003431697945025
3.2,0.3,6.6,7.334,94.35736,130.2345,39.03533485084552
3.2,0.3,6.7,7.424,99.18394,134.3578,39.06597970702491
3.2,0.3,6.8,7.514,104.1615,138.5393,39.095441644468956
3.2,0.3,6.9,7.604,109.2925,142.7783,39.123760502938715
3.2,0.3,7.0,7.696,114.5791,147.0877,39.15100867052711
3.2,0.3,7.1,7.786,120.0235,151.4428,39.17722205691529
3.2,0.3,7.2,7.878,125.6282,155.869,39.20246008821808
3.3,0.3,6.4,7.2,84.19485,121.8336,38.90175782441962
3.3,0.3,6.5,7.288,88.71598,125.8414,38.93666526863335
3.3,0.3,6.6,7.378,93.38376,129.9169,38.97020965962914
3.3,0.3,6.7,7.468,98.20004,134.0498,39.002444685691216
3.3,0.3,6.8,7.558,103.1675,138.2401,39.03343765250198
3.3,0.3,6.9,7.648,108.2882,142.4882,39.06324414498367
3.3,0.3,7.0,7.738,113.5646,146.7937,39.091928181982006
3.3,0.3,7.1,7.828,118.9989,151.1572,39.119544229284145
3.3,0.3,7.2,7.92,124.5932,155.5913,39.14613352326678
3.4,0.3,6.4,7.246,83.20135,121.4763,38.83207059665049
3.4,0.3,6.5,7.334,87.71247,125.4949,38.86866733004393
3.4,0.3,6.6,7.424,92.36982,129.5807,38.9038506676821
3.4,0.3,6.7,7.512,97.17597,133.7124,38.93767062777367
3.4,0.3,6.8,7.602,102.1331,137.9123,38.970209659640425
3.4,0.3,6.9,7.692,107.2433,142.1698,39.001510127074006
3.4,0.3,7.0,7.782,112.5093,146.4845,39.03164783588216
3.4,0.3,7.1,7.872,117.933,150.857,39.060663919580975
3.4,0.3,7.2,7.962,123.5169,155.2871,39.08861462890404
3.5,0.3,6.4,7.294,82.16752,121.097,38.76122776166284
3.5,0.3,6.5,7.382,86.66832,125.1274,38.7995125461597
3.5,0.3,6.6,7.47,91.31531,129.2137,38.836327780023076
3.5,0.3,6.7,7.558,96.11089,133.3563,38.87174173062896
3.5,0.3,6.8,7.646,101.0574,137.5553,38.90581936406846
3.5,0.3,6.9,7.736,106.1573,141.8225,38.938617924954315
3.5,0.3,7.0,7.826,111.4125,146.1467,38.97020567596827
3.5,0.3,7.1,7.914,116.8254,150.5164,39.000632806244944
3.5,0.3,7.2,8.004,122.3988,154.9553,39.029950455294106
3.6,0.3,6.4,7.342,81.09254,120.6838,38.689312556782006
3.6,0.3,6.5,7.43,85.58262,124.7267,38.7292637514541
3.6,0.3,6.6,7.516,90.21916,128.8145,38.76771360956278
3.6,0.3,6.7,7.604,95.0042,132.9684,38.80471156625356
3.6,0.3,6.8,7.694,99.94002,137.1897,38.84032602159585
3.6,0.3,6.9,7.782,105.029,141.4565,38.874631700554566
3.6,0.3,7.0,7.87,110.2733,145.7795,38.90767463955025
3.6,0.3,7.1,7.96,115.6756,150.1711,38.93951602264306
3.6,0.3,7.2,8.048,121.2376,154.6077,38.97020965963753
3.6,0.3,7.3,8.138,126.9621,159.1134,38.99980671927862
3.7,0.3,6.5,7.478,84.45496,124.2914,38.658024844704286
3.7,0.3,6.6,7.566,89.08054,128.4027,38.698083797774984
3.7,0.3,6.7,7.652,93.85469,132.5586,38.73665651081276
3.7,0.3,6.8,7.74,98.77966,136.7808,38.77380978149159
3.7,0.3,6.9,7.828,103.8577,141.0589,38.809604613916754
3.7,0.3,7.0,7.916,109.0911,145.3931,38.84410130425667
3.7,0.3,7.1,8.006,114.4819,149.7953,38.877356949544705
3.7,0.3,7.2,8.094,120.0331,154.2424,38.90942601931055
3.7,0.3,7.3,8.184,125.7463,158.7583,38.9403604352023
3.8,0.3,6.7,7.702,92.66166,132.125,38.66764557292548
3.8,0.3,6.8,7.788,97.57562,136.3495,38.706325713711564
3.8,0.3,6.9,7.876,102.6426,140.6398,38.74360119483978
3.8,0.3,7.0,7.964,107.8647,144.9862,38.77955030877033
3.8,0.3,7.1,8.052,113.2446,149.3882,38.81421656151294
3.8,0.3,7.2,8.14,118.7841,153.8463,38.847659374738974
3.8,0.3,7.3,8.228,124.4861,158.3607,38.87993116423016
3.9,0.3,6.8,7.838,96.32722,135.8938,38.6379504002546
3.9,0.3,6.9,7.924,101.3828,140.1866,38.676702480458374
3.9,0.3,7.0,8.012,106.5936,144.5454,38.71407825103592
3.9,0.3,7.1,8.1,111.9621,148.9599,38.75014605409658
3.9,0.3,7.2,8.188,117.4901,153.4299,38.78495917445138
3.9,0.3,7.3,8.276,123.1804,157.9559,38.81856363180954
4.0,0.3,6.9,7.974,100.0775,139.7085,38.60896446138502
4.0,0.3,7.0,8.062,105.2765,144.081,38.6477693515065
4.0,0.3,7.1,8.148,110.6336,148.4975,38.68523084390829
4.0,0.3,7.2,8.236,116.15,152.9803,38.72139554339382
4.0,0.3,7.3,8.324,121.8283,157.5181,38.756335304663324
4.0,0.3,7.4,8.41,127.6713,162.1002,38.7900818608958
4.1,0.3,7.0,8.112,103.9132,143.5799,38.58067514658697
4.1,0.3,7.1,8.198,109.2581,148.0105,38.61951119611419
4.1,0.3,7.2,8.284,114.7627,152.4955,38.65702866874857
4.1,0.3,7.3,8.372,120.4292,157.0466,38.69327944124111
4.1,0.3,7.4,8.458,126.2599,161.6412,38.728313637150606
4.2,0.3,7.1,8.248,107.8349,147.4863,38.55306227678768
4.2,0.3,7.2,8.334,113.3278,151.9859,38.59190880125812
4.2,0.3,7.3,8.42,118.9821,156.5394,38.62946250896132
4.2,0.3,7.4,8.508,124.8008,161.1595,38.66576669990282
4.3,0.3,7.2,8.386,111.844,151.4497,38.526107971861855
4.3,0.3,7.3,8.472,117.4861,156.0185,38.56493970073998
4.3,0.3,7.4,8.558,123.2926,160.6413,38.60251681073933
4.4,0.3,7.3,8.522,115.9404,155.4475,38.4997856063078
4.4,0.3,7.4,8.608,121.7342,160.0858,38.538605849729315
4.4,0.3,7.5,8.694,127.6944,164.7775,38.5761701022913
4.5,0.3,7.4,8.66,120.1251,159.5018,38.47410314595578
4.5,0.3,7.5,8.746,126.0725,164.2098,38.512866040040514
4.6,0.3,7.5,8.798,124.3989,163.602,38.44901757962379
3.0,0.4,5.3,6.09,81.62195,111.8076,40.143661648679185
3.1,0.4,5.3,6.14,80.24261,111.2545,40.05491133839524
3.1,0.4,5.4,6.226,85.71665,115.8239,40.105995890898626
3.2,0.4,5.4,6.276,84.25726,115.2386,40.01845156534425
3.3,0.4,5.4,6.328,82.73228,114.6142,39.92998230870279
3.3,0.4,5.5,6.414,88.38937,119.2984,39.983162087114174
3.4,0.4,5.4,6.38,81.13997,113.9332,39.84081032449598
3.4,0.4,5.5,6.466,86.78034,118.6403,39.89600130093714
3.4,0.4,5.6,6.55,92.64034,123.4041,39.94900653116164
3.5,0.4,5.5,6.518,85.102,117.9244,39.80826519166981
3.5,0.4,5.6,6.602,90.94469,122.712,39.86315982719647
3.5,0.4,5.7,6.688,97.011,127.5859,39.915938302395
3.6,0.4,5.5,6.572,83.35261,117.162,39.72017832229894
3.6,0.4,5.6,6.656,89.17805,121.9758,39.776831946593234
3.6,0.4,5.7,6.74,95.22678,126.859,39.831398793444535
3.6,0.4,5.8,6.826,101.5031,131.8281,39.883933932879806
3.7,0.4,5.5,6.628,81.53062,116.3486,39.63201590089036
3.7,0.4,5.6,6.71,87.33842,121.1768,39.69025485425718
3.7,0.4,5.7,6.794,93.36957,126.0869,39.74647062481055
3.7,0.4,5.8,6.878,99.62785,131.0663,39.800681478785016
3.7,0.4,5.9,6.964,106.1173,136.131,39.852938312979894
3.8,0.4,5.6,6.766,85.42435,120.326,39.603705550094915
3.8,0.4,5.7,6.85,91.43739,125.2659,39.66138807975848
3.8,0.4,5.8,6.932,97.6775,130.2581,39.71713784714821
3.8,0.4,5.9,7.016,104.1486,135.3336,39.77096219843755
3.9,0.4,5.6,6.824,83.43403,119.4187,39.517490621420485
3.9,0.4,5.7,6.906,89.429,124.377,39.576432575543954
3.9,0.4,5.8,6.988,95.65061,129.3999,39.633534922065174
3.9,0.4,5.9,7.072,102.1035,134.5043,39.68879209418801
3.9,0.4,6.0,7.156,108.7911,139.6765,39.7422182442195
4.0,0.4,5.6,6.88,81.3657,118.4222,39.43195089690872
4.0,0.4,5.7,6.962,87.34226,123.4161,39.4918901120514
4.0,0.4,5.8,7.044,93.54533,128.4726,39.550135114189565
4.0,0.4,5.9,7.128,99.9794,133.6084,39.60664157450577
4.0,0.4,6.0,7.21,106.6484,138.7949,39.66138835867309
4.0,0.4,6.1,7.294,113.5561,144.0637,39.71439636472439
4.1,0.4,5.7,7.02,85.17558,122.3927,39.40814199835822
4.1,0.4,5.8,7.102,91.36002,127.4864,39.46723916027546
4.1,0.4,5.9,7.184,97.77509,132.6421,39.524776359276956
4.1,0.4,6.0,7.266,104.425,137.8611,39.58067338029143
4.1,0.4,6.1,7.348,111.3135,143.1448,39.63490458805945
4.1,0.4,6.2,7.432,118.445,148.5109,39.687466232865695
4.2,0.4,5.7,7.08,82.92749,121.3008,39.32589062785758
4.2,0.4,5.8,7.16,89.09307,126.4218,39.385263937553454
4.2,0.4,5.9,7.242,95.48897,131.6156,39.443496867543686
4.2,0.4,6.0,7.322,102.1195,136.8557,39.50031594980712
4.2,0.4,6.1,7.406,108.9883,142.1881,39.55559202054357
4.2,0.4,6.2,7.488,116.1003,147.57,39.60928394359935
4.3,0.4,5.7,7.14,80.5959,120.1207,39.24610032652166
4.3,0.4,5.8,7.22,86.74227,125.2875,39.30497734740354
4.3,0.4,5.9,7.3,93.11901,130.5095,39.363281421336616
4.3,0.4,6.0,7.38,99.72976,135.7888,39.42063061917517
4.3,0.4,6.1,7.462,106.5794,141.1429,39.476710285238404
4.3,0.4,6.2,7.544,113.6713,146.5589,39.53136100797587
4.3,0.4,6.3,7.626,121.0097,152.0387,39.5845060852767
4.4,0.4,5.8,7.28,84.3063,124.063,39.22732538156197
4.4,0.4,5.9,7.36,90.66354,129.3319,39.28493855521745
4.4,0.4,6.0,7.44,97.2549,134.6551,39.34217190933411
4.4,0.4,6.1,7.52,104.0844,140.0349,39.398602768979785
4.4,0.4,6.2,7.602,111.1563,145.489,39.45393903533627
4.4,0.4,6.3,7.684,118.4745,151.0042,39.507940503261935
4.4,0.4,6.4,7.766,126.0432,156.5826,39.56053912281618
4.5,0.4,5.9,7.42,88.12074,128.0629,39.20940473641478
4.5,0.4,6.0,7.498,94.69217,133.4201,39.265759111650276
4.5,0.4,6.1,7.58,101.5018,138.859,39.32189367714528
4.5,0.4,6.2,7.66,108.5533,144.3398,39.377401489585125
4.5,0.4,6.3,7.742,115.8513,149.8936,39.43195147874385
4.5,0.4,6.4,7.822,123.3994,155.4926,39.48531272730568
4.6,0.4,6.1,7.64,98.8298,137.5945,39.247382810285785
4.6,0.4,6.2,7.72,105.8611,143.1211,39.302425933299155
4.6,0.4,6.3,7.8,113.1383,148.7027,39.356989100149114
4.6,0.4,6.4,7.88,120.6658,154.3416,39.41074113867684
4.7,0.4,6.2,7.78,103.0775,141.8123,39.22978320827423
4.7,0.4,6.3,7.86,110.3338,147.4409,39.2837220901537
4.7,0.4,6.4,7.94,117.8404,153.1239,39.33733211792049
4.7,0.4,6.5,8.02,125.6009,158.8633,39.390261818972085
4.8,0.4,6.3,7.92,107.4363,146.0875,39.21292347645945
4.8,0.4,6.4,7.998,114.9216,151.8037,39.26575911164949
4.8,0.4,6.5,8.08,122.6607,157.6032,39.31840646473616
4.9,0.4,6.4,8.06,111.9077,150.4203,39.19678700529147
4.9,0.4,6.5,8.14,119.6253,156.2542,39.24850178931141
4.9,0.4,6.6,8.22,127.6006,162.1408,39.3001860644942
5.0,0.4,6.5,8.2,116.4925,154.8105,39.18133026372079
5.0,0.4,6.6,8.28,124.4461,160.7474,39.23194179384826
5.1,0.4,6.6,8.34,121.1926,159.2576,39.16652985204743
5.2,0.4,6.6,8.402,117.8383,157.6795,39.10482036982743
5.2,0.4,6.7,8.48,126.0086,163.762,39.1523589168005
5.3,0.4,6.7,8.542,122.5292,162.1363,39.092485975089055
5.4,0.4,6.8,8.682,127.3352,166.6497,39.080721288259696
3.6,0.5,4.9,6.08,82.59279,113.5477,40.476553980108115
3.7,0.5,5.0,6.22,87.02242,117.8826,40.45379162497189
3.8,0.5,5.0,6.28,84.19372,116.5036,40.372070591352156
3.8,0.5,5.1,6.36,91.59539,122.2906,40.43231901269159
3.9,0.5,5.0,6.34,81.24729,115.005,40.29871858063413
3.9,0.5,5.1,6.42,88.62257,120.8549,40.35396102920964
3.9,0.5,5.2,6.5,96.3138,126.7684,40.41205942657392
4.0,0.5,5.1,6.48,85.52931,119.2976,40.28427562457044
4.0,0.5,5.2,6.56,93.19344,125.279,40.337010153934806
4.0,0.5,5.3,6.64,101.1796,131.3254,40.39296179761238
4.1,0.5,5.1,6.542,82.31251,117.6249,40.226291598336
4.1,0.5,5.2,6.62,89.94959,123.662,40.27091896305186
4.1,0.5,5.3,6.7,97.90803,129.775,40.32116449100194
4.2,0.5,5.2,6.684,86.57909,121.9459,40.21678654203656
4.2,0.5,5.3,6.762,94.50995,128.1171,40.25858838203342
4.2,0.5,5.4,6.84,102.7684,134.3435,40.306367258551205
4.3,0.5,5.2,6.746,83.07936,120.061,40.178427408166364
4.3,0.5,5.3,6.824,90.98213,126.3199,40.20820886862459
4.3,0.5,5.4,6.902,99.21214,132.6251,40.24722725519764
4.3,0.5,5.5,6.98,107.776,138.9837,40.29255702665433
4.4,0.5,5.3,6.888,87.32227,124.388,40.17381836553288
4.4,0.5,5.4,6.964,95.52361,130.7651,40.20049804282405
4.4,0.5,5.5,7.042,104.0586,137.2046,40.236776488433414
4.4,0.5,5.6,7.12,112.9334,143.6961,40.27970000737506
4.5,0.5,5.3,6.952,83.52664,122.2852,40.160430421261346
4.5,0.5,5.4,7.028,91.69974,128.7675,40.16996405015482
4.5,0.5,5.5,7.106,100.2056,135.3002,40.19362114691143
4.5,0.5,5.6,7.184,109.0509,141.875,40.22720366643787
4.5,0.5,5.7,7.262,118.2424,148.5004,40.26774239494421
4.6,0.5,5.4,7.092,87.73738,126.5959,40.16062149188202
4.6,0.5,5.5,7.17,96.2141,133.2364,40.16683537889663
4.6,0.5,5.6,7.246,105.0298,139.8873,40.18750665949365
4.6,0.5,5.7,7.324,114.1911,146.5978,40.218438415192644
4.7,0.5,5.5,7.234,92.08112,130.9951,40.16140483085727
4.7,0.5,5.6,7.31,100.8672,137.7569,40.164370220967236
4.7,0.5,5.7,7.386,109.9984,144.5454,40.182127730905236
4.7,0.5,5.8,7.464,119.4813,151.3912,40.21045943906466
4.8,0.5,5.6,7.374,96.56005,135.4457,40.16273685630444
4.8,0.5,5.7,7.45,105.661,142.3478,40.16253362556995
4.8,0.5,5.8,7.528,115.1131,149.294,40.1774423528183
4.8,0.5,5.9,7.604,124.9228,156.2558,40.2032076531429
4.9,0.5,5.7,7.516,101.1761,139.9856,40.16459725779801
4.9,0.5,5.8,7.592,110.5973,147.0283,40.161287375684026
4.9,0.5,5.9,7.668,120.3758,154.0932,40.173400098152264
5.0,0.5,5.8,7.656,105.9312,144.5759,40.16693509760176
5.0,0.5,5.9,7.732,115.6782,151.7596,40.16059582362968
5.0,0.5,6.0,7.81,125.7888,158.984,40.16996465470227
5.1,0.5,5.9,7.798,110.8271,149.2555,40.169724803066956
5.1,0.5,6.0,7.874,120.9056,156.5812,40.16042568245799
5.2,0.5,6.0,7.938,115.8658,153.9853,40.17293709073955
5.2,0.5,6.1,8.014,126.2812,161.4528,40.16074587519256
5.3,0.5,6.1,8.08,121.0491,158.8047,40.1765447086121
5.4,0.5,6.2,8.22,126.3794,163.6736,40.18052224578152
5.5,0.5,6.2,8.286,120.786,160.7276,40.228599576561166
5.6,0.5,6.3,8.428,126.062,165.6094,40.23612575052834
3.8,0.6,4.6,5.966,82.97086,114.1957,41.22713753194115
3.9,0.6,4.7,6.106,87.76983,118.8275,41.22846373590358
4.0,0.6,4.7,6.17,83.46514,116.5371,41.25992768102472
4.0,0.6,4.8,6.248,92.74098,123.5687,41.2307925702467
4.1,0.6,4.8,6.312,88.22264,121.1956,41.268393945737905
4.1,0.6,4.9,6.388,97.88712,128.3722,41.234048385597525
4.2,0.6,4.8,6.378,83.52313,118.6159,41.35727501036256
4.2,0.6,4.9,6.452,93.14991,125.9162,41.277571722164325
4.2,0.6,5.0,6.528,103.2112,133.2614,41.23816146989075
4.3,0.6,4.9,6.518,88.2273,123.2494,41.37256452920046
4.3,0.6,5.0,6.594,98.24994,130.7457,41.28739452088609
4.4,0.6,4.9,6.584,83.11459,120.3093,41.539222292829066
4.4,0.6,5.0,6.66,93.09887,127.9904,41.388280437915654
4.4,0.6,5.1,6.734,103.5254,135.6363,41.29782672949738
4.5,0.6,5.0,6.726,87.75341,124.9568,41.56093709234301
4.5,0.6,5.1,6.8,98.14076,132.7924,41.40437393420955
4.5,0.6,5.2,6.876,108.9792,140.6364,41.30879857210352
4.6,0.6,5.0,6.794,82.20934,121.6115,41.838326374697736
4.6,0.6,5.1,6.868,92.55715,129.6883,41.5828014211361
4.6,0.6,5.2,6.942,103.3556,137.703,41.42082272253475
4.6,0.6,5.3,7.016,114.6139,145.6965,41.32026407221723
4.7,0.6,5.1,6.934,86.77078,126.2194,41.865983662796864
4.7,0.6,5.2,7.008,97.52903,134.48,41.60480476746166
4.7,0.6,5.3,7.082,108.7464,142.6735,41.4375717945004
4.7,0.6,5.4,7.158,120.4325,150.8669,41.33219900402777
4.8,0.6,5.2,7.076,91.49486,130.9335,41.89354097682704
4.8,0.6,5.3,7.15,102.6713,139.3797,41.62690401074803
4.8,0.6,5.4,7.224,114.3157,147.753,41.45458818077573
4.9,0.6,5.3,7.218,96.38443,135.7312,41.92098687064722
4.9,0.6,5.4,7.29,107.9871,144.3382,41.649082129548084
4.9,0.6,5.5,7.366,120.0663,152.917,41.471859570409414
5.0,0.6,5.4,7.358,101.4423,140.5877,41.94830828327832
5.0,0.6,5.5,7.432,113.4789,149.4054,41.67131851811664
5.0,0.6,5.6,7.506,126.0015,158.1396,41.48934009398737
5.1,0.6,5.5,7.5,106.6711,145.5519,41.975495605501486
5.1,0.6,5.6,7.574,119.1499,154.5567,41.693594373286366
5.2,0.6,5.6,7.64,112.0735,150.5742,42.00253983144129
5.2,0.6,5.7,7.714,125.0027,159.7658,41.715892950110714
5.3,0.6,5.7,7.782,117.6525,155.7046,42.02943325477367
5.4,0.6,5.8,7.924,123.4111,160.9185,42.05616180508894
5.7,0.6,6.0,8.274,127.0285,166.6907,42.598928342078985
3.9,0.7,4.4,5.878,84.79645,116.2712,42.60784349355911
4.0,0.7,4.5,6.02,90.04372,121.2699,42.64051648793619
4.1,0.7,4.5,6.086,84.04142,117.9105,43.012201486530074
4.1,0.7,4.6,6.16,95.49676,126.3399,42.673377872026826
4.2,0.7,4.6,6.228,89.19978,122.8979,43.05301144166693
4.2,0.7,4.7,6.302,101.1593,131.539,42.706379660898506
4.3,0.7,4.6,6.296,82.65084,119.0307,43.64278798857961
4.3,0.7,4.7,6.37,94.56081,127.9849,43.093589585825086
4.4,0.7,4.7,6.438,87.70404,123.9968,43.69046088213018
4.4,0.7,4.8,6.51,100.1278,133.1415,43.1339222156994
4.5,0.7,4.7,6.506,80.58348,119.4278,44.65543712917764
4.5,0.7,4.8,6.578,92.95651,129.0319,43.73754933529573
4.5,0.7,4.9,6.652,105.9052,138.4269,43.17399189346947
4.6,0.7,4.8,6.648,85.51506,124.3584,44.708214979058475
4.6,0.7,4.9,6.72,98.4118,134.1948,43.78405667142276
4.6,0.7,5.0,6.794,111.8961,143.8118,43.21378324152428
4.7,0.7,4.9,6.788,90.64265,129.3574,44.76009628782831
4.7,0.7,5.0,6.862,104.074,139.4561,43.82996857738494
4.7,0.7,5.1,6.934,118.1045,149.2643,43.253285073357
4.8,0.7,5.0,6.93,95.96997,134.4834,44.811099081891435
4.8,0.7,5.1,7.002,109.9467,144.7854,43.875316928803954
4.8,0.7,5.2,7.076,124.5348,154.8475,43.29248522568144
4.9,0.7,5.1,7.072,101.5006,139.7075,44.861260838696076
4.9,0.7,5.2,7.144,116.0337,150.2435,43.92008854110584
5.0,0.7,5.2,7.212,107.2388,144.998,44.910604275789716
5.0,0.7,5.3,7.286,122.3389,155.8003,43.9642968806731
5.1,0.7,5.3,7.354,113.1877,150.4173,44.959139854682114
5.2,0.7,5.4,7.496,119.3516,155.9344,45.006895451717114
5.3,0.7,5.4,7.566,109.5255,149.4235,46.82642559545245
5.3,0.7,5.5,7.638,125.7341,161.5492,45.05389220056684
5.4,0.7,5.5,7.706,115.5318,154.8489,46.87501443139264
5.5,0.7,5.6,7.848,121.7536,160.4034,46.92271498760324
5.6,0.7,5.6,7.918,110.8382,150.7819,75.66036799199813
5.7,0.7,5.7,8.06,116.8826,156.2249,75.66036799565987
3.9,0.8,4.2,5.73,84.05444,116.1959,44.9554827243243
4.0,0.8,4.3,5.872,89.66325,121.5061,45.02198412028362
4.1,0.8,4.3,5.94,81.94627,116.9534,46.238519891317715
4.1,0.8,4.4,6.014,95.51262,126.9317,45.08750237322365
4.2,0.8,4.4,6.082,87.4136,122.2336,46.31039367944996
4.2,0.8,4.5,6.154,101.6073,132.4367,45.152042605162926
4.3,0.8,4.5,6.224,93.11691,127.6285,46.380868037591014
4.3,0.8,4.6,6.296,107.952,138.0925,45.2156366418371
4.4,0.8,4.5,6.292,84.28974,121.8722,48.59588125193494
4.4,0.8,4.6,6.364,99.06138,133.1017,46.44996726714665
4.5,0.8,4.6,6.434,89.82581,127.2143,48.66603933599399
4.5,0.8,4.7,6.506,105.2519,138.725,46.51774203743881
4.6,0.8,4.6,6.504,80.23801,118.8478,80.2710124056865
4.6,0.8,4.7,6.576,95.59888,132.6699,48.734613223006754
4.6,0.8,4.8,6.648,111.6932,144.4625,46.58423438809506
4.7,0.8,4.7,6.646,85.58559,124.0822,80.2710054649896
4.7,0.8,4.8,6.716,101.6134,138.2023,48.8016739810503
4.7,0.8,4.9,6.788,118.3904,150.2759,46.64948523730236
4.8,0.8,4.8,6.788,91.16564,129.4292,80.27100600373386
4.8,0.8,4.9,6.858,107.8747,143.8844,48.867281622008214
4.8,0.8,5.0,6.93,125.3484,156.2415,46.71352674198208
4.9,0.8,4.9,6.928,96.98304,134.8517,80.27101241563534
4.9,0.8,5.0,7.0,114.3875,149.6801,48.93149269036958
5.0,0.8,5.0,7.07,103.0429,140.424,80.27101240987818
5.0,0.8,5.1,7.142,121.157,155.5897,48.99435545517548
5.1,0.8,5.1,7.212,109.3501,146.1084,80.27101242256475
5.2,0.8,5.2,7.352,115.9095,151.8666,80.2710124099604
5.3,0.8,5.3,7.494,122.7259,157.7763,80.27101241768513
3.8,0.9,4.0,5.516,84.68477,116.488,47.89853425836774
3.9,0.9,4.1,5.658,90.74546,122.1466,47.993145289063605
4.0,0.9,4.1,5.728,81.5238,116.5973,50.65629528232172
4.0,0.9,4.2,5.798,97.08615,127.8951,48.08563440013516
4.1,0.9,4.2,5.868,87.39454,122.17,50.74730366261587
4.1,0.9,4.3,5.94,103.7132,133.8165,48.17608412427276
4.2,0.9,4.3,6.01,93.53976,127.9138,50.83598242908728
4.3,0.9,4.3,6.08,82.95,119.5657,84.56224922406948
4.3,0.9,4.4,6.152,99.96587,133.7886,50.92243041533439
4.4,0.9,4.4,6.222,88.87299,125.2043,84.56224962923372
4.4,0.9,4.5,6.292,106.6793,139.7499,51.006762070953805
4.5,0.9,4.5,6.362,95.07121,130.9295,84.56224961455418
4.5,0.9,4.6,6.434,113.6859,145.8855,51.08906931283995
4.6,0.9,4.6,6.504,101.5514,136.8271,84.56224961190843
4.6,0.9,4.7,6.576,120.9924,152.1519,51.169426015898026
4.7,0.9,4.7,6.646,108.3194,142.8546,84.56224272482399
4.8,0.9,4.8,6.788,115.3817,149.0119,84.56224321796925
4.9,0.9,4.9,6.928,122.7442,155.2518,84.56224962235407
3.7,1.0,3.8,5.302,80.85984,113.9116,52.85428927153332
3.8,1.0,3.9,5.444,87.13705,119.8372,52.968597161162954
3.9,1.0,4.0,5.586,93.73003,125.9118,53.079627753335586
4.0,1.0,4.0,5.656,82.43378,117.7594,88.58695489050042
4.0,1.0,4.1,5.728,100.6465,132.1355,53.187546567301354
4.1,1.0,4.1,5.798,88.77216,123.7356,88.58695488274877
4.1,1.0,4.2,5.868,107.8944,138.4572,53.29250695088957
4.3,1.0,4.3,6.08,102.4075,136.0806,88.58695452146523
4.4,1.0,4.4,6.222,109.7197,142.4992,88.58695488778197
4.5,1.0,4.5,6.362,117.3719,149.0125,88.58695487237021
4.6,1.0,4.6,6.504,125.3719,155.726,88.58695486964886
